Date,Adj Close,Open,High,Low,Range,Volume,Unemp Claims,Ret Sales,Ind Prod,NFP,Direction
12/3/2007,1504.660034,1479.630005,1510.630005,1460.660034,49.969971,17076810000,344000,336844,105.3213,138413,D
12/10/2007,1467.949951,1505.109985,1523.569946,1467.780029,55.789917,18510280000,332000,336844,105.3213,138413,U
12/17/2007,1484.459961,1465.050049,1485.400024,1435.650024,49.75,18729500000,350000,336844,105.3213,138413,D
12/24/2007,1478.48999,1484.550049,1498.849976,1471.699951,27.150025,8064200000,355000,336844,105.3213,138413,D
12/31/2007,1411.630005,1475.25,1475.829956,1411.189941,64.640015,13489030000,360000,336844,105.3213,138413,D
1/7/2008,1401.02002,1414.069946,1430.280029,1378.699951,51.580078,23944010000,346000,337537,105.0195,138430,D
1/14/2008,1325.189941,1402.910034,1417.890015,1312.51001,105.380005,25032320000,322000,337537,105.0195,138430,U
1/21/2008,1330.609985,1312.939941,1368.560059,1270.050049,98.51001,20403920000,321000,337537,105.0195,138430,U
1/28/2008,1395.420044,1330.699951,1396.02002,1322.26001,73.76001,22697710000,366000,337537,105.0195,138430,D
2/4/2008,1331.290039,1395.380005,1395.380005,1316.75,78.630005,20177290000,350000,334524,104.6741,138346,U
2/11/2008,1349.98999,1331.920044,1369.22998,1320.319946,48.910034,18722260000,344000,334524,104.6741,138346,U
2/18/2008,1353.109985,1355.859985,1367.939941,1327.040039,40.899902,14753390000,339000,334524,104.6741,138346,D
2/25/2008,1330.630005,1352.75,1388.339966,1325.420044,62.919922,20232420000,354000,334524,104.6741,138346,D
3/3/2008,1293.369995,1330.449951,1344.189941,1282.430054,61.759887,22041330000,345000,335104,104.4179,138268,D
3/10/2008,1288.140015,1293.160034,1333.26001,1272.660034,60.599976,24011740000,348000,335104,104.4179,138268,U
3/17/2008,1329.51001,1283.209961,1341.51001,1256.97998,84.53003,22522410000,369000,335104,104.4179,138268,D
3/24/2008,1315.219971,1330.290039,1359.680054,1312.949951,46.730103,20424700000,368000,335104,104.4179,138268,U
3/31/2008,1370.400024,1315.920044,1380.910034,1312.810059,68.099975,20877750000,387000,335104,104.4179,138268,D
4/7/2008,1332.829956,1373.689941,1386.73999,1331.209961,55.530029,18316890000,354000,335357,103.6403,138058,U
4/14/2008,1390.329956,1332.199951,1395.900024,1324.349976,71.550048,19342880000,365000,335357,103.6403,138058,U
4/21/2008,1397.839966,1387.719971,1399.109985,1369.839966,29.270019,19698890000,349000,335357,103.6403,138058,U
4/28/2008,1413.900024,1397.959961,1422.719971,1383.069946,39.650025,20333020000,370000,335357,103.6403,138058,D
5/5/2008,1388.280029,1415.339966,1421.569946,1384.109985,37.459961,18756220000,370000,337762,103.1178,137872,U
5/12/2008,1425.349976,1389.400024,1425.819946,1386.199951,39.619995,19047660000,366000,337762,103.1178,137872,D
5/19/2008,1375.930054,1425.280029,1440.23999,1373.719971,66.520019,19528620000,367000,337762,103.1178,137872,U
5/26/2008,1400.380005,1375.969971,1406.319946,1373.069946,33.25,15256170000,369000,337762,103.1178,137872,D
6/2/2008,1360.680054,1399.619995,1404.050049,1359.900024,44.150025,21571790000,362000,338234,102.9484,137710,D
6/9/2008,1360.030029,1360.829956,1370.630005,1331.290039,39.339966,22634280000,382000,338234,102.9484,137710,D
6/16/2008,1317.930054,1358.849976,1366.589966,1314.459961,52.130005,22219040000,378000,338234,102.9484,137710,D
6/23/2008,1278.380005,1319.77002,1335.630005,1272,63.630005,25156600000,381000,338234,102.9484,137710,D
6/30/2008,1262.900024,1278.060059,1292.170044,1252.01001,40.160034,19402300000,392000,338234,102.9484,137710,D
7/7/2008,1239.48999,1262.900024,1277.359985,1225.349976,52.010009,29063160000,371000,336570,102.4071,137497,U
7/14/2008,1260.680054,1241.609985,1262.310059,1200.439941,61.870118,32555620000,385000,336570,102.4071,137497,D
7/21/2008,1257.76001,1261.819946,1291.170044,1248.829956,42.340088,28317240000,402000,336570,102.4071,137497,U
7/28/2008,1260.310059,1257.76001,1284.930054,1234.369995,50.560059,25359450000,434000,336570,102.4071,137497,U
8/4/2008,1296.319946,1253.27002,1297.849976,1247.449951,50.400025,20941200000,448000,333836,100.8875,137230,U
8/11/2008,1298.199951,1294.420044,1313.150024,1274.859985,38.290039,22672020000,430000,333836,100.8875,137230,D
8/18/2008,1292.199951,1298.140015,1300.219971,1261.160034,39.059937,20317740000,424000,333836,100.8875,137230,D
8/25/2008,1282.829956,1290.469971,1300.680054,1263.209961,37.470093,17650180000,421000,333836,100.8875,137230,D
9/1/2008,1242.310059,1287.829956,1303.040039,1217.22998,85.810059,20070120000,442000,328031,96.5439,136780,U
9/8/2008,1251.699951,1249.5,1274.420044,1211.540039,62.880005,34417920000,441000,328031,96.5439,136780,U
9/15/2008,1255.079956,1250.920044,1265.119995,1133.5,131.619995,46641070000,449000,328031,96.5439,136780,D
9/22/2008,1213.27002,1255.369995,1255.369995,1179.790039,75.579956,26635470000,483000,328031,96.5439,136780,D
9/29/2008,1099.22998,1209.069946,1209.069946,1098.140015,110.929931,31026630000,483000,328031,96.5439,136780,D
10/6/2008,899.219971,1097.560059,1097.560059,839.799988,257.760071,42016790000,482000,314648,97.4562,136306,U
10/13/2008,940.549988,912.75,1044.310059,865.830017,178.480042,36533970000,461000,314648,97.4562,136306,D
10/20/2008,876.77002,943.51001,985.440002,852.849976,132.590026,30185400000,478000,314648,97.4562,136306,U
10/27/2008,968.75,874.280029,984.380005,845.27002,139.109985,32302980000,480000,314648,97.4562,136306,D
11/3/2008,930.98999,968.669983,1007.51001,899.72998,107.78003,26484080000,490000,301638,96.2593,135540,D
11/10/2008,873.289978,936.75,951.950012,818.690002,133.26001,29064670000,512000,301638,96.2593,135540,D
11/17/2008,800.030029,873.22998,882.289978,741.02002,141.269958,36745200000,536000,301638,96.2593,135540,U
11/24/2008,896.23999,801.200012,896.25,801.200012,95.049988,23366260000,532000,301638,96.2593,135540,D
12/1/2008,876.070007,888.609985,888.609985,815.690002,72.919983,30469750000,529000,294241,93.4434,134846,U
12/8/2008,879.72998,882.710022,918.570007,851.349976,67.220031,29662270000,570000,294241,93.4434,134846,U
12/15/2008,887.880005,881.070007,918.849976,857.719971,61.130005,29279860000,566000,294241,93.4434,134846,D
12/22/2008,872.799988,887.200012,887.369995,857.090027,30.279968,12348420000,587000,294241,93.4434,134846,U
12/29/2008,931.799988,872.369995,934.72998,857.070007,77.659973,15172440000,533000,294241,93.4434,134846,D
1/5/2009,890.349976,929.169983,943.849976,888.309998,55.539978,25219520000,503000,298823,91.2317,134053,D
1/12/2009,850.119995,890.400024,890.400024,817.039978,73.360046,30293780000,551000,298823,91.2317,134053,D
1/19/2009,831.950012,849.640015,849.640015,804.299988,45.340027,24519050000,591000,298823,91.2317,134053,D
1/26/2009,825.880005,832.5,877.859985,821.669983,56.190002,28010020000,586000,298823,91.2317,134053,U
2/2/2009,868.599976,823.090027,870.75,812.869995,57.880005,31088160000,629000,297795,90.6389,133351,D
2/9/2009,826.840027,868.23999,875.01001,808.059998,66.950012,30044110000,637000,297795,90.6389,133351,D
2/16/2009,770.049988,818.609985,818.609985,754.25,64.359985,25606060000,632000,297795,90.6389,133351,D
2/23/2009,735.090027,773.25,780.119995,734.52002,45.599975,37753880000,655000,297795,90.6389,133351,D
3/2/2009,683.380005,729.570007,729.570007,666.789978,62.780029,37964220000,652000,292427,89.1913,132528,U
3/9/2009,756.549988,680.76001,758.289978,672.880005,85.409973,37297180000,660000,292427,89.1913,132528,U
3/16/2009,768.539978,758.840027,803.23999,749.929993,53.309997,39816380000,651000,292427,89.1913,132528,U
3/23/2009,815.940002,772.309998,832.97998,772.309998,60.669982,34764100000,661000,292427,89.1913,132528,U
3/30/2009,842.5,809.070007,845.609985,779.809998,65.799987,31434350000,665000,292427,89.1913,132528,U
4/6/2009,856.559998,839.75,856.909973,814.530029,42.379944,24904750000,653000,293575,88.3876,131841,U
4/13/2009,869.599976,855.330017,875.630005,835.580017,40.049988,34196510000,599000,293575,88.3876,131841,D
4/20/2009,866.22998,868.27002,871.799988,826.830017,44.969971,35415850000,639000,293575,88.3876,131841,U
4/27/2009,877.52002,862.820007,888.700012,847.119995,41.580017,30217790000,620000,293575,88.3876,131841,U
5/4/2009,929.22998,879.210022,930.169983,879.210022,50.959961,39760120000,602000,296560,87.4424,131492,D
5/11/2009,882.880005,922.98999,922.98999,878.940002,44.049988,31688760000,625000,296560,87.4424,131492,U
5/18/2009,887,886.070007,924.599976,879.609985,44.989991,31698640000,620000,296560,87.4424,131492,U
5/25/2009,919.140015,887,920.02002,881.460022,38.559998,23155250000,606000,296560,87.4424,131492,U
6/1/2009,940.090027,923.26001,951.690002,923.26001,28.429992,28312350000,607000,301858,87.065,131021,U
6/8/2009,946.210022,938.119995,956.22998,926.440002,29.789978,24331760000,596000,301858,87.065,131021,D
6/15/2009,921.22998,942.450012,942.450012,903.780029,38.669983,25570130000,595000,301858,87.065,131021,D
6/22/2009,918.900024,918.130005,922,888.859985,33.140015,25599580000,608000,301858,87.065,131021,D
6/29/2009,896.419983,919.859985,931.919983,896.419983,35.5,16689730000,594000,301858,87.065,131021,D
7/6/2009,879.130005,894.27002,898.719971,869.320007,29.399964,23366910000,573000,302514,87.981,130692,U
7/13/2009,940.380005,879.570007,943.960022,875.320007,68.640015,23927320000,546000,302514,87.981,130692,U
7/20/2009,979.26001,942.070007,979.789978,940.98999,38.799988,25016500000,560000,302514,87.981,130692,U
7/27/2009,987.47998,978.630005,996.679993,968.650024,28.029969,26474660000,587000,302514,87.981,130692,U
8/3/2009,1010.47998,990.219971,1018,990.219971,27.780029,32139730000,555000,309012,88.9534,130479,D
8/10/2009,1004.090027,1008.890015,1013.140015,992.400024,20.739991,26868820000,555000,309012,88.9534,130479,U
8/17/2009,1026.130005,998.179993,1027.589966,978.51001,49.079956,23323250000,562000,309012,88.9534,130479,U
8/24/2009,1028.930054,1026.589966,1039.469971,1016.200012,23.269959,28722910000,560000,309012,88.9534,130479,D
8/31/2009,1016.400024,1025.209961,1028.449951,991.969971,36.47998,26431300000,564000,309012,88.9534,130479,U
9/7/2009,1042.72998,1018.669983,1048.180054,1018.669983,29.510071,20551690000,558000,300953,89.6229,130259,U
9/14/2009,1068.300049,1040.150024,1074.77002,1035,39.77002,30234840000,542000,300953,89.6229,130259,D
9/21/2009,1044.380005,1067.140015,1080.150024,1041.170044,38.97998,25406510000,536000,300953,89.6229,130259,D
9/28/2009,1025.209961,1045.380005,1069.619995,1019.950012,49.669983,26050400000,554000,300953,89.6229,130259,U
10/5/2009,1071.48999,1026.869995,1071.51001,1025.920044,45.589966,22333550000,533000,304078,89.9136,130055,U
10/12/2009,1087.680054,1071.630005,1096.560059,1066.709961,29.850098,23701850000,511000,304078,89.9136,130055,D
10/19/2009,1079.599976,1088.219971,1101.359985,1074.310059,27.049926,25592330000,531000,304078,89.9136,130055,D
10/26/2009,1036.189941,1080.359985,1091.75,1033.380005,58.369995,30408570000,530000,304078,89.9136,130055,U
11/2/2009,1069.300049,1036.180054,1071.47998,1029.380005,42.099975,26451130000,522000,306799,90.2811,130053,U
11/9/2009,1093.47998,1072.310059,1105.369995,1072.310059,33.059936,21094360000,512000,306799,90.2811,130053,D
11/16/2009,1091.380005,1094.130005,1113.689941,1086.810059,26.879882,20612520000,507000,306799,90.2811,130053,U
11/23/2009,1091.48999,1094.859985,1112.380005,1083.73999,28.640015,12928000000,482000,306799,90.2811,130053,U
11/30/2009,1105.97998,1091.069946,1119.130005,1086.25,32.880005,22677340000,475000,306799,90.2811,130053,U
12/7/2009,1106.410034,1105.52002,1110.719971,1085.890015,24.829956,20754380000,497000,308518,90.5265,129778,D
12/14/2009,1102.469971,1107.839966,1116.209961,1093.880005,22.329956,28364370000,498000,308518,90.5265,129778,U
12/21/2009,1126.47998,1105.310059,1126.47998,1105.310059,21.169921,12053050000,479000,308518,90.5265,129778,D
12/28/2009,1115.099976,1127.530029,1130.380005,1114.810059,15.569946,9561710000,468000,308518,90.5265,129778,U
1/4/2010,1144.97998,1116.560059,1145.390015,1116.560059,28.829956,21115350000,456000,308751,91.5636,129801,D
1/11/2010,1136.030029,1145.959961,1150.410034,1131.390015,19.020019,21816230000,469000,308751,91.5636,129801,D
1/18/2010,1091.76001,1136.030029,1150.449951,1090.180054,60.269897,22618330000,507000,308751,91.5636,129801,D
1/25/2010,1073.869995,1092.400024,1103.689941,1071.589966,32.099975,25397670000,471000,308751,91.5636,129801,D
2/1/2010,1066.189941,1073.890015,1104.72998,1044.5,60.22998,25411190000,496000,308568,91.8988,129733,U
2/8/2010,1075.51001,1065.51001,1080.040039,1056.51001,23.530029,22017080000,466000,308568,91.8988,129733,U
2/15/2010,1109.170044,1079.130005,1112.420044,1079.130005,33.290039,16162900000,489000,308568,91.8988,129733,D
2/22/2010,1104.48999,1110,1112.290039,1086.02002,26.270019,20970170000,500000,308568,91.8988,129733,U
3/1/2010,1138.699951,1105.359985,1139.380005,1105.359985,34.02002,20011650000,488000,316150,92.5394,129897,U
3/8/2010,1149.98999,1138.400024,1153.410034,1134.900024,18.51001,24026590000,472000,316150,92.5394,129897,U
3/15/2010,1159.900024,1148.530029,1169.839966,1141.449951,28.390015,22944000000,478000,316150,92.5394,129897,U
3/22/2010,1166.589966,1157.25,1180.689941,1152.880005,27.809936,23756390000,472000,316150,92.5394,129897,U
3/29/2010,1178.099976,1167.709961,1181.430054,1165.77002,15.660034,16951790000,459000,316150,92.5394,129897,U
4/5/2010,1194.369995,1178.709961,1194.660034,1175.119995,19.540039,22307770000,479000,318437,92.928,130140,D
4/12/2010,1192.130005,1194.939941,1213.920044,1186.77002,27.150024,29874510000,479000,318437,92.928,130140,U
4/19/2010,1217.280029,1192.060059,1217.280029,1183.680054,33.599975,29000480000,469000,318437,92.928,130140,D
4/26/2010,1186.689941,1217.069946,1219.800049,1181.619995,38.180054,31552280000,449000,318437,92.928,130140,D
5/3/2010,1110.880005,1188.579956,1205.130005,1065.790039,139.339966,38419430000,451000,315608,94.3244,130664,U
5/10/2010,1135.680054,1122.27002,1173.569946,1122.27002,51.299926,28958750000,451000,315608,94.3244,130664,D
5/17/2010,1087.689941,1136.52002,1148.660034,1055.900024,92.76001,32640260000,474000,315608,94.3244,130664,U
5/24/2010,1089.410034,1084.780029,1103.52002,1040.780029,62.739991,27644340000,463000,315608,94.3244,130664,D
5/31/2010,1064.880005,1087.300049,1105.670044,1060.5,45.170044,21474390000,458000,315608,94.3244,130664,U
6/7/2010,1091.599976,1065.839966,1092.25,1042.170044,50.079956,26847570000,459000,314973,94.5056,130527,U
6/14/2010,1117.51001,1095,1121.01001,1089.030029,31.979981,23186040000,467000,314973,94.5056,130527,D
6/21/2010,1076.76001,1122.790039,1131.22998,1067.890015,63.339965,23498560000,452000,314973,94.5056,130527,D
6/28/2010,1022.580017,1077.5,1082.599976,1010.909973,71.690003,25504460000,464000,314973,94.5056,130527,U
7/5/2010,1077.959961,1028.089966,1078.160034,1018.349976,59.810058,17677490000,454000,315424,94.9417,130459,D
7/12/2010,1064.880005,1077.22998,1099.459961,1063.319946,36.140015,22438320000,439000,315424,94.9417,130459,U
7/19/2010,1102.660034,1066.849976,1103.72998,1056.880005,46.849975,22901430000,462000,315424,94.9417,130459,D
7/26/2010,1101.599976,1102.890015,1120.949951,1088.01001,32.939941,21356600000,465000,315424,94.9417,130459,U
8/2/2010,1121.640015,1107.530029,1128.75,1107.170044,21.579956,19817300000,476000,317103,95.3385,130423,D
8/9/2010,1079.25,1122.800049,1129.23999,1076.689941,52.550049,20320520000,483000,317103,95.3385,130423,D
8/16/2010,1071.689941,1077.48999,1100.140015,1063.910034,36.229981,18887030000,486000,317103,95.3385,130423,D
8/23/2010,1064.589966,1073.359985,1081.579956,1039.699951,41.880005,19756640000,464000,317103,95.3385,130423,U
8/30/2010,1104.51001,1062.900024,1105.099976,1040.880005,64.219971,18592350000,467000,317103,95.3385,130423,U
9/6/2010,1109.550049,1102.599976,1110.880005,1091.150024,19.729981,12780950000,452000,319901,95.6063,130371,U
9/13/2010,1125.589966,1113.380005,1131.469971,1113.380005,18.089966,19862160000,444000,319901,95.6063,130371,U
9/20/2010,1148.670044,1126.569946,1148.900024,1122.790039,26.109985,19422610000,459000,319901,95.6063,130371,D
9/27/2010,1146.23999,1148.640015,1157.160034,1132.089966,25.070068,20187050000,459000,319901,95.6063,130371,U
10/4/2010,1165.150024,1144.959961,1167.72998,1131.869995,35.859985,19528080000,446000,324218,95.3785,130633,U
10/11/2010,1176.189941,1165.319946,1184.380005,1155.709961,28.670044,22245800000,459000,324218,95.3785,130633,U
10/18/2010,1183.079956,1176.829956,1189.430054,1159.709961,29.720093,22881410000,444000,324218,95.3785,130633,U
10/25/2010,1183.26001,1184.73999,1196.140015,1171.699951,24.440064,20582070000,432000,324218,95.3785,130633,U
11/1/2010,1225.849976,1185.709961,1227.079956,1177.650024,49.429932,23993790000,453000,327620,95.4163,130752,D
11/8/2010,1199.209961,1223.23999,1226.839966,1194.079956,32.76001,21491310000,434000,327620,95.4163,130752,U
11/15/2010,1199.72998,1200.439941,1207.430054,1173,34.430054,20887180000,432000,327620,95.4163,130752,D
11/22/2010,1189.400024,1198.069946,1198.939941,1176.910034,22.029907,12820640000,407000,327620,95.4163,130752,U
11/29/2010,1224.709961,1189.079956,1225.569946,1173.640015,51.929931,21212840000,432000,327620,95.4163,130752,U
12/6/2010,1240.400024,1223.869995,1240.400024,1219.5,20.900024,24175410000,428000,329707,96.2444,130839,U
12/13/2010,1243.910034,1242.52002,1246.72998,1232.849976,13.880004,22270220000,425000,329707,96.2444,130839,U
12/20/2010,1256.77002,1245.76001,1259.390015,1241.51001,17.880005,10828420000,424000,329707,96.2444,130839,U
12/27/2010,1257.640015,1254.660034,1262.599976,1251.47998,11.119996,10455790000,404000,329707,96.2444,130839,U
1/3/2011,1271.5,1257.619995,1278.170044,1257.619995,20.550049,23655220000,413000,332559,96.1454,130882,U
1/10/2011,1293.23999,1270.839966,1293.23999,1262.180054,31.059936,21286570000,434000,332559,96.1454,130882,D
1/17/2011,1283.349976,1293.219971,1296.060059,1271.26001,24.800049,19899340000,421000,332559,96.1454,130882,D
1/24/2011,1276.339966,1283.290039,1302.670044,1275.099976,27.570068,23156650000,446000,332559,96.1454,130882,U
1/31/2011,1310.869995,1276.5,1311,1276.5,34.5,21726860000,420000,332559,96.1454,130882,U
2/7/2011,1329.150024,1311.849976,1330.790039,1311.73999,19.050049,20109950000,402000,334544,95.7235,131071,U
2/14/2011,1343.01001,1328.72998,1344.069946,1324.609985,19.459961,12589110000,425000,334544,95.7235,131071,D
2/21/2011,1319.880005,1338.910034,1338.910034,1294.26001,44.650024,7712050000,394000,334544,95.7235,131071,U
2/28/2011,1321.150024,1321.609985,1332.280029,1302.579956,29.700073,12022480000,385000,334544,95.7235,131071,D
3/7/2011,1304.280029,1322.719971,1327.680054,1291.98999,35.690064,20669090000,414000,337858,96.6445,131296,D
3/14/2011,1279.209961,1301.189941,1301.189941,1249.050049,52.139892,23905220000,404000,337858,96.6445,131296,U
3/21/2011,1313.800049,1281.650024,1319.180054,1281.650024,37.53003,20090110000,407000,337858,96.6445,131296,U
3/28/2011,1332.410034,1315.449951,1337.849976,1305.26001,32.589966,18297330000,399000,337858,96.6445,131296,D
4/4/2011,1328.170044,1333.560059,1339.459961,1322.939941,16.52002,19888170000,395000,340212,96.2727,131642,D
4/11/2011,1319.680054,1329.01001,1333.77002,1302.420044,31.349976,19701690000,416000,340212,96.2727,131642,U
4/18/2011,1337.380005,1313.349976,1337.48999,1294.699951,42.790039,15933560000,402000,340212,96.2727,131642,U
4/25/2011,1363.609985,1337.140015,1364.560059,1331.469971,33.090088,17617650000,422000,340212,96.2727,131642,D
5/2/2011,1340.199951,1365.209961,1370.579956,1329.170044,41.409912,20363720000,468000,339352,96.4871,131719,D
5/9/2011,1337.77002,1340.199951,1359.439941,1332.030029,27.409912,19539110000,435000,339352,96.4871,131719,D
5/16/2011,1333.27002,1334.77002,1346.819946,1318.51001,28.309936,19514380000,414000,339352,96.4871,131719,D
5/23/2011,1331.099976,1333.069946,1334.619995,1311.800049,22.819946,17595530000,423000,339352,96.4871,131719,D
5/30/2011,1300.160034,1331.099976,1345.199951,1297.900024,47.299927,16204530000,418000,339352,96.4871,131719,D
6/6/2011,1270.97998,1300.26001,1300.26001,1268.280029,31.979981,18551800000,423000,341532,96.715,131944,U
6/13/2011,1271.5,1271.310059,1292.5,1258.069946,34.430054,20466010000,413000,341532,96.715,131944,D
6/20/2011,1268.449951,1271.5,1298.609985,1262.869995,35.73999,19888020000,416000,341532,96.715,131944,U
6/27/2011,1339.670044,1268.439941,1341.01001,1267.530029,73.479981,19505540000,421000,341532,96.715,131944,U
7/4/2011,1343.800049,1339.589966,1356.47998,1330.920044,25.559936,14950400000,418000,341414,97.1317,132013,D
7/11/2011,1316.140015,1343.310059,1343.310059,1306.51001,36.800049,20768430000,408000,341414,97.1317,132013,U
7/18/2011,1345.02002,1315.939941,1347,1295.920044,51.079956,20550440000,420000,341414,97.1317,132013,D
7/25/2011,1292.280029,1344.319946,1344.319946,1282.859985,61.459961,21035970000,411000,341414,97.1317,132013,D
8/1/2011,1199.380005,1292.589966,1307.380005,1168.089966,139.290039,26341740000,406000,342104,97.7027,132123,D
8/8/2011,1178.810059,1198.47998,1198.47998,1101.540039,96.939941,19325310000,405000,342104,97.7027,132123,D
8/15/2011,1123.530029,1178.859985,1208.469971,1122.050049,86.419922,22135160000,409000,342104,97.7027,132123,U
8/22/2011,1176.800049,1123.550049,1190.680054,1121.089966,69.590088,26548480000,415000,342104,97.7027,132123,D
8/29/2011,1173.969971,1177.910034,1230.709961,1170.560059,60.149902,23250630000,409000,342104,97.7027,132123,D
9/5/2011,1154.22998,1173.969971,1204.400024,1140.130005,64.270019,18596560000,414000,345346,97.6288,132371,U
9/12/2011,1216.01001,1153.5,1220.060059,1136.069946,83.990113,24565280000,429000,345346,97.6288,132371,D
9/19/2011,1136.430054,1214.98999,1220.390015,1114.219971,106.170044,25641420000,422000,345346,97.6288,132371,D
9/26/2011,1131.420044,1136.910034,1195.859985,1131.069946,64.790039,24801410000,406000,345346,97.6288,132371,U
10/3/2011,1155.459961,1131.209961,1171.400024,1074.77002,96.630004,22574340000,405000,348095,98.3224,132580,U
10/10/2011,1224.579956,1158.150024,1224.609985,1158.150024,66.459961,22779620000,410000,348095,98.3224,132580,U
10/17/2011,1238.25,1224.469971,1239.030029,1191.47998,47.550049,23838320000,395000,348095,98.3224,132580,U
10/24/2011,1285.089966,1238.719971,1292.660034,1221.060059,71.599975,24561180000,403000,348095,98.3224,132580,D
10/31/2011,1253.22998,1284.959961,1284.959961,1215.420044,69.539917,22746070000,399000,348095,98.3224,132580,U
11/7/2011,1263.849976,1253.209961,1277.550049,1226.640015,50.910034,19370910000,392000,349379,98.1979,132721,D
11/14/2011,1215.650024,1263.849976,1264.25,1209.430054,54.819946,19328050000,383000,349379,98.1979,132721,D
11/21/2011,1158.670044,1215.619995,1215.619995,1158.660034,56.959961,13424920000,385000,349379,98.1979,132721,U
11/28/2011,1244.280029,1158.670044,1260.079956,1158.670044,101.409912,21678300000,397000,349379,98.1979,132721,U
12/5/2011,1255.189941,1244.329956,1267.060059,1231.469971,35.590088,20171810000,387000,349798,98.6923,132930,D
12/12/2011,1219.660034,1255.050049,1255.050049,1209.469971,45.580078,21176570000,368000,349798,98.6923,132930,U
12/19/2011,1265.329956,1219.73999,1265.420044,1202.369995,63.050049,16400510000,368000,349798,98.6923,132930,D
12/26/2011,1257.599976,1265.02002,1269.369995,1248.640015,20.72998,9030550000,386000,349798,98.6923,132930,U
1/2/2012,1277.810059,1258.859985,1284.619995,1258.859985,25.76001,15509070000,376000,352643,99.3264,133288,U
1/9/2012,1289.089966,1277.829956,1296.819946,1274.550049,22.269897,19273940000,391000,352643,99.3264,133288,U
1/16/2012,1315.380005,1290.219971,1315.48999,1290.219971,25.270019,16485160000,367000,352643,99.3264,133288,U
1/23/2012,1316.329956,1315.290039,1333.469971,1306.060059,27.409912,20404830000,381000,352643,99.3264,133288,U
1/30/2012,1344.900024,1316.160034,1345.339966,1300.48999,44.849976,21128390000,372000,352643,99.3264,133288,D
2/6/2012,1342.640015,1344.319946,1354.319946,1335.920044,18.399902,19306360000,368000,357047,99.6217,133525,U
2/13/2012,1361.22998,1343.060059,1363.400024,1340.800049,22.599975,19414420000,361000,357047,99.6217,133525,U
2/20/2012,1365.73999,1361.219971,1368.920044,1352.280029,16.640015,14720720000,359000,357047,99.6217,133525,U
2/27/2012,1369.630005,1365.199951,1378.040039,1354.920044,23.119995,18913110000,365000,357047,99.6217,133525,U
3/5/2012,1370.869995,1369.589966,1374.76001,1340.030029,34.729981,18383450000,375000,358917,99.0674,133758,U
3/12/2012,1404.170044,1370.780029,1405.880005,1366.689941,39.190064,21406220000,369000,358917,99.0674,133758,D
3/19/2012,1397.109985,1404.170044,1414,1386.869995,27.130005,18414980000,368000,358917,99.0674,133758,U
3/26/2012,1408.469971,1397.109985,1419.150024,1391.560059,27.589965,18492280000,363000,358917,99.0674,133758,D
4/2/2012,1398.079956,1408.469971,1422.380005,1392.920044,29.459961,14636130000,358000,356669,99.8626,133836,D
4/9/2012,1370.26001,1397.449951,1397.449951,1357.380005,40.069946,19093190000,387000,356669,99.8626,133836,U
4/16/2012,1378.530029,1370.27002,1392.76001,1365.380005,27.380005,18507460000,381000,356669,99.8626,133836,U
4/23/2012,1403.359985,1378.530029,1406.640015,1358.790039,47.849976,18950920000,387000,356669,99.8626,133836,D
4/30/2012,1369.099976,1403.26001,1415.319946,1367.959961,47.359985,19165870000,372000,356669,99.8626,133836,D
5/7/2012,1353.390015,1368.790039,1373.910034,1343.130005,30.780029,19706660000,373000,356057,100.0384,133951,D
5/14/2012,1295.219971,1351.930054,1351.930054,1291.97998,59.950074,21259330000,369000,356057,100.0384,133951,U
5/21/2012,1317.819946,1295.72998,1328.48999,1295.72998,32.76001,18829090000,371000,356057,100.0384,133951,D
5/28/2012,1278.040039,1318.900024,1334.930054,1277.25,57.680054,16202900000,381000,356057,100.0384,133951,U
6/4/2012,1325.660034,1278.290039,1329.050049,1266.73999,62.310059,19438880000,377000,352240,100.0677,134027,U
6/11/2012,1342.839966,1325.719971,1343.319946,1306.619995,36.699951,18576250000,383000,352240,100.0677,134027,D
6/18/2012,1335.02002,1342.420044,1363.459961,1324.410034,39.049927,20136440000,384000,352240,100.0677,134027,U
6/25/2012,1362.160034,1334.900024,1362.170044,1309.27002,52.900024,18761520000,380000,352240,100.0677,134027,D
7/2/2012,1354.680054,1362.329956,1374.810059,1348.030029,26.78003,11204700000,372000,353671,100.304,134170,U
7/9/2012,1356.780029,1354.660034,1361.540039,1325.410034,36.130005,16669120000,360000,353671,100.304,134170,U
7/16/2012,1362.660034,1356.5,1380.390015,1345.069946,35.320069,18040410000,390000,353671,100.304,134170,U
7/23/2012,1385.969971,1362.339966,1389.189941,1329.23999,59.949951,20155950000,368000,353671,100.304,134170,U
7/30/2012,1390.98999,1385.939941,1394.160034,1354.650024,39.51001,19419460000,372000,353671,100.304,134170,U
8/6/2012,1405.869995,1391.040039,1407.140015,1391.040039,16.099976,15913920000,371000,358149,99.9132,134347,U
8/13/2012,1418.160034,1405.869995,1418.709961,1397.319946,21.390015,14123730000,369000,358149,99.9132,134347,D
8/20/2012,1411.130005,1417.849976,1426.680054,1398.040039,28.640015,14718990000,376000,358149,99.9132,134347,D
8/27/2012,1406.579956,1411.130005,1416.170044,1397.01001,19.160034,13141340000,377000,358149,99.9132,134347,U
9/3/2012,1437.920044,1406.540039,1437.920044,1396.560059,41.359985,14259910000,371000,361618,99.9138,134550,U
9/10/2012,1465.77002,1437.920044,1474.51001,1428.97998,45.53003,20023040000,393000,361618,99.9138,134550,D
9/17/2012,1460.150024,1465.420044,1467.069946,1449.97998,17.089966,18527570000,392000,361618,99.9138,134550,D
9/24/2012,1440.670044,1459.76001,1463.23999,1430.530029,32.709961,16973760000,377000,361618,99.9138,134550,U
10/1/2012,1460.930054,1440.900024,1470.959961,1439.01001,31.949951,17147310000,376000,362081,100.2063,134696,D
10/8/2012,1428.589966,1460.930054,1460.930054,1425.530029,35.400025,15577390000,350000,362081,100.2063,134696,U
10/15/2012,1433.189941,1428.75,1464.02002,1427.23999,36.78003,18463100000,386000,362081,100.2063,134696,D
10/22/2012,1411.939941,1433.209961,1435.459961,1403.280029,32.179932,16987410000,374000,362081,100.2063,134696,U
10/29/2012,1414.199951,1410.98999,1434.27002,1405.949951,28.320069,11239480000,364000,362081,100.2063,134696,D
11/5/2012,1379.849976,1414.02002,1433.380005,1373.030029,60.349976,18011370000,365000,362959,100.7003,134828,D
11/12/2012,1359.880005,1379.859985,1388.810059,1343.349976,45.460083,18107380000,446000,362959,100.7003,134828,U
11/19/2012,1409.150024,1359.880005,1409.160034,1359.880005,49.280029,10754010000,406000,362959,100.7003,134828,U
11/26/2012,1416.180054,1409.150024,1419.699951,1385.430054,34.269897,16954180000,388000,362959,100.7003,134828,U
12/3/2012,1418.069946,1416.339966,1423.72998,1398.22998,25.5,16930770000,375000,364585,100.9782,135072,D
12/10/2012,1413.579956,1418.069946,1438.589966,1411.880005,26.709961,16918840000,340000,364585,100.9782,135072,U
12/17/2012,1430.150024,1413.540039,1448,1413.540039,34.459961,20543390000,356000,364585,100.9782,135072,D
12/24/2012,1402.430054,1430.150024,1430.150024,1401.579956,28.570068,8790850000,362000,364585,100.9782,135072,U
12/31/2012,1466.469971,1402.430054,1467.939941,1398.109985,69.829956,14660950000,362000,364585,100.9782,135072,U
1/7/2013,1472.050049,1466.469971,1472.75,1451.640015,21.109985,18003450000,370000,367229,100.8955,135283,U
1/14/2013,1485.97998,1472.050049,1485.97998,1463.76001,22.21997,17024890000,340000,367229,100.8955,135283,U
1/21/2013,1502.959961,1485.97998,1503.26001,1481.160034,22.099976,14298680000,341000,367229,100.8955,135283,U
1/28/2013,1513.170044,1502.959961,1514.410034,1496.329956,18.080078,18901190000,364000,367229,100.8955,135283,U
2/4/2013,1517.930054,1513.170044,1518.310059,1495.02002,23.290039,17220660000,360000,371742,101.4671,135569,U
2/11/2013,1519.790039,1517.930054,1524.689941,1513.609985,11.079956,17082600000,345000,371742,101.4671,135569,D
2/18/2013,1515.599976,1519.790039,1530.939941,1497.290039,33.649902,15683400000,363000,371742,101.4671,135569,U
2/25/2013,1518.199951,1515.599976,1525.839966,1485.01001,40.829956,19146110000,338000,371742,101.4671,135569,U
3/4/2013,1551.180054,1518.199951,1552.47998,1512.290039,40.189941,17988980000,340000,368806,101.772,135699,U
3/11/2013,1560.699951,1551.150024,1563.619995,1547.359985,16.26001,18074930000,342000,368806,101.772,135699,D
3/18/2013,1556.890015,1560.699951,1561.560059,1538.569946,22.990113,16501510000,343000,368806,101.772,135699,U
3/25/2013,1569.189941,1556.890015,1570.280029,1546.219971,24.060058,12266080000,360000,368806,101.772,135699,D
4/1/2013,1553.280029,1569.180054,1573.660034,1539.5,34.160034,16991960000,374000,367944,101.6802,135896,U
4/8/2013,1588.849976,1553.26001,1597.349976,1548.630005,48.719971,16193490000,358000,367944,101.6802,135896,D
4/15/2013,1555.25,1588.839966,1588.839966,1536.030029,52.809937,20025810000,354000,367944,101.6802,135896,U
4/22/2013,1582.23999,1555.25,1592.640015,1548.189941,44.450074,17250470000,344000,367944,101.6802,135896,U
4/29/2013,1614.420044,1582.339966,1618.459961,1581.280029,37.179932,17137450000,330000,367944,101.6802,135896,U
5/6/2013,1633.699951,1614.400024,1635.01001,1614.209961,20.800049,16470390000,335000,369297,101.6916,136122,U
5/13/2013,1667.469971,1632.099976,1667.469971,1626.73999,40.729981,16979670000,358000,369297,101.6916,136122,D
5/20/2013,1649.599976,1665.709961,1687.180054,1635.530029,51.650025,17853250000,342000,369297,101.6916,136122,D
5/27/2013,1630.73999,1652.630005,1674.209961,1630.73999,43.469971,14642760000,354000,369297,101.6916,136122,U
6/3/2013,1643.380005,1631.709961,1646.530029,1598.22998,48.300049,18157630000,347000,371097,101.873,136284,D
6/10/2013,1626.72998,1644.670044,1648.689941,1608.069946,40.619995,15935010000,337000,371097,101.873,136284,D
6/17/2013,1592.430054,1630.640015,1654.189941,1577.699951,76.48999,20459250000,353000,371097,101.873,136284,U
6/24/2013,1606.280029,1588.77002,1620.069946,1560.329956,59.73999,20394900000,347000,371097,101.873,136284,U
7/1/2013,1631.890015,1609.780029,1632.069946,1604.569946,27.5,11022010000,340000,373235,101.297,136406,U
7/8/2013,1680.189941,1634.199951,1680.189941,1634.199951,45.98999,16166370000,353000,373235,101.297,136406,U
7/15/2013,1692.089966,1679.589966,1693.119995,1671.839966,21.280029,15613300000,342000,373235,101.297,136406,D
7/22/2013,1691.650024,1694.410034,1698.780029,1676.030029,22.75,15296700000,356000,373235,101.297,136406,U
7/29/2013,1709.670044,1690.319946,1709.670044,1681.859985,27.810059,16920240000,333000,373235,101.297,136406,D
8/5/2013,1691.420044,1708.01001,1709.23999,1684.910034,24.329956,14910070000,341000,372370,102.0772,136667,D
8/12/2013,1655.829956,1688.369995,1696.810059,1652.609985,44.200074,15334290000,325000,372370,102.0772,136667,U
8/19/2013,1663.5,1655.25,1664.849976,1639.430054,25.419922,13950930000,340000,372370,102.0772,136667,D
8/26/2013,1632.969971,1664.290039,1669.51001,1627.469971,42.040039,13695720000,335000,372370,102.0772,136667,U
9/2/2013,1655.170044,1635.949951,1664.829956,1633.410034,31.419922,13124750000,325000,372188,102.5705,136857,U
9/9/2013,1687.98999,1656.849976,1689.969971,1656.849976,33.119995,15772830000,303000,372188,102.5705,136857,U
9/16/2013,1709.910034,1691.699951,1729.859985,1691.699951,38.160034,18657960000,325000,372188,102.5705,136857,D
9/23/2013,1691.75,1711.439941,1711.439941,1687.109985,24.329956,15310240000,317000,372188,102.5705,136857,D
9/30/2013,1690.5,1687.26001,1696.550049,1670.359985,26.190064,15855840000,320000,372188,102.5705,136857,U
10/7/2013,1703.199951,1687.150024,1703.439941,1646.469971,56.96997,16132530000,371000,373677,102.4728,137069,U
10/14/2013,1744.5,1699.859985,1745.310059,1692.130005,53.180054,16512980000,366000,373677,102.4728,137069,U
10/21/2013,1759.77002,1745.199951,1759.819946,1740.5,19.319946,17464350000,351000,373677,102.4728,137069,U
10/28/2013,1761.640015,1759.420044,1775.219971,1752.699951,22.52002,17676620000,346000,373677,102.4728,137069,U
11/4/2013,1770.609985,1763.400024,1774.540039,1746.199951,28.340088,18014020000,343000,374102,102.8086,137327,U
11/11/2013,1798.180054,1769.959961,1798.219971,1760.640015,37.579956,15476450000,340000,374102,102.8086,137327,U
11/18/2013,1804.76001,1798.819946,1804.839966,1777.22998,27.609986,15813880000,334000,374102,102.8086,137327,U
11/25/2013,1805.810059,1806.329956,1813.550049,1800.579956,12.970093,10637550000,316000,374102,102.8086,137327,D
12/2/2013,1805.089966,1806.550049,1810.02002,1779.089966,30.930054,16668560000,313000,376786,103.0979,137374,D
12/9/2013,1775.319946,1806.209961,1811.52002,1772.280029,39.239991,16086600000,352000,376786,103.0979,137374,U
12/16/2013,1818.319946,1777.47998,1823.75,1767.98999,55.76001,19402600000,366000,376786,103.0979,137374,U
12/23/2013,1841.400024,1822.920044,1844.890015,1822.920044,21.969971,8194360000,335000,376786,103.0979,137374,D
12/30/2013,1831.369995,1841.469971,1849.439941,1827.73999,21.699951,10461570000,335000,376786,103.0979,137374,U
1/6/2014,1842.369995,1832.310059,1843.22998,1823.72998,19.5,17375600000,327000,373079,102.6063,137564,D
1/13/2014,1838.699951,1841.26001,1850.839966,1815.52002,35.319946,17839850000,315000,373079,102.6063,137564,D
1/20/2014,1790.290039,1841.050049,1849.310059,1790.290039,59.02002,15747340000,325000,373079,102.6063,137564,D
1/27/2014,1782.589966,1791.030029,1798.77002,1770.449951,28.320069,19054250000,341000,373079,102.6063,137564,U
2/3/2014,1797.02002,1782.680054,1798.030029,1737.920044,60.109985,20380140000,333000,377749,103.6292,137715,U
2/10/2014,1838.630005,1796.199951,1841.650024,1791.829956,49.820068,16742180000,337000,377749,103.6292,137715,D
2/17/2014,1836.25,1839.030029,1847.5,1824.579956,22.920044,13891540000,335000,377749,103.6292,137715,U
2/24/2014,1859.449951,1836.780029,1867.920044,1836.780029,31.140015,18711730000,338000,377749,103.6292,137715,U
3/3/2014,1878.040039,1857.680054,1883.569946,1834.439941,49.130005,17512170000,320000,382663,104.5546,137987,D
3/10/2014,1841.130005,1877.859985,1882.349976,1839.569946,42.78003,16641060000,325000,382663,104.5546,137987,U
3/17/2014,1866.52002,1842.810059,1883.969971,1842.810059,41.159912,17678140000,323000,382663,104.5546,137987,D
3/24/2014,1857.619995,1867.670044,1875.920044,1842.109985,33.810059,16779360000,317000,382663,104.5546,137987,U
3/31/2014,1865.089966,1859.160034,1897.280029,1859.160034,38.119995,16381500000,331000,382663,104.5546,137987,D
4/7/2014,1815.689941,1863.920044,1872.530029,1814.359985,58.170044,18333880000,312000,386533,104.7807,138316,U
4/14/2014,1864.849976,1818.180054,1869.630005,1815.800049,53.829956,13344490000,308000,386533,104.7807,138316,D
4/21/2014,1863.400024,1865.790039,1884.890015,1859.699951,25.190064,15348510000,331000,386533,104.7807,138316,U
4/28/2014,1881.140015,1865,1891.329956,1850.609985,40.719971,18038030000,343000,386533,104.7807,138316,D
5/5/2014,1878.47998,1879.449951,1889.069946,1859.790039,29.279907,16112380000,324000,386798,105.0799,138562,D
5/12/2014,1877.859985,1880.030029,1902.170044,1862.359985,39.810059,15469770000,301000,386798,105.0799,138562,U
5/19/2014,1900.530029,1876.660034,1901.26001,1868.140015,33.119995,13605170000,324000,386798,105.0799,138562,U
5/26/2014,1923.569946,1902.01001,1924.030029,1902.01001,22.020019,11860010000,306000,386798,105.0799,138562,U
6/2/2014,1949.439941,1923.869995,1949.439941,1915.97998,33.459961,14147690000,314000,387342,105.4698,138866,D
6/9/2014,1936.160034,1948.969971,1955.550049,1925.780029,29.77002,13863870000,317000,387342,105.4698,138866,U
6/16/2014,1962.869995,1934.839966,1963.910034,1930.910034,33,16251000000,314000,387342,105.4698,138866,D
6/23/2014,1960.959961,1962.920044,1968.170044,1944.689941,23.480103,15983470000,316000,387342,105.4698,138866,U
6/30/2014,1985.439941,1960.790039,1985.589966,1958.219971,27.369995,11075160000,310000,387342,105.4698,138866,D
7/7/2014,1967.569946,1984.219971,1984.219971,1952.859985,31.359986,14692810000,305000,387623,105.4919,139068,U
7/14/2014,1978.219971,1969.859985,1983.939941,1955.589966,28.349975,15952350000,304000,387623,105.4919,139068,U
7/21/2014,1978.339966,1976.930054,1991.390015,1965.77002,25.619995,14213850000,295000,387623,105.4919,139068,D
7/28/2014,1925.150024,1978.25,1984.849976,1916.369995,68.479981,17417530000,302000,387623,105.4919,139068,U
8/4/2014,1931.589966,1926.619995,1942.920044,1904.780029,38.140015,16207390000,297000,391162,105.425,139298,U
8/11/2014,1955.060059,1933.430054,1964.040039,1928.290039,35.75,13747450000,307000,391162,105.425,139298,U
8/18/2014,1988.400024,1958.359985,1994.76001,1958.359985,36.400025,12814930000,302000,391162,105.425,139298,U
8/25/2014,2003.369995,1991.73999,2005.040039,1990.52002,14.520019,11571710000,298000,391162,105.425,139298,U
9/1/2014,2007.709961,2004.069946,2011.170044,1990.099976,21.070068,11520670000,302000,389808,105.7329,139578,D
9/8/2014,1985.540039,2007.170044,2007.170044,1980.26001,26.910034,14732610000,310000,389808,105.7329,139578,U
9/15/2014,2010.400024,1986.040039,2019.26001,1978.47998,40.78003,17261820000,291000,389808,105.7329,139578,D
9/22/2014,1982.849976,2009.079956,2009.079956,1965.98999,43.089966,16145360000,297000,389808,105.7329,139578,D
9/29/2014,1967.900024,1978.959961,1985.170044,1926.030029,59.140015,18807610000,292000,389808,105.7329,139578,D
10/6/2014,1906.130005,1970.01001,1977.839966,1906.050049,71.789917,20382540000,294000,390708,105.7898,139805,D
10/13/2014,1886.76001,1905.650024,1912.089966,1820.660034,91.429932,24810660000,278000,390708,105.7898,139805,U
10/20/2014,1964.579956,1885.619995,1965.27002,1882.300049,82.969971,17947860000,289000,390708,105.7898,139805,U
10/27/2014,2018.050049,1962.969971,2018.189941,1951.369995,66.819946,18810910000,288000,390708,105.7898,139805,U
11/3/2014,2031.920044,2018.209961,2034.26001,2001.01001,33.25,18652340000,280000,392405,106.6134,140117,U
11/10/2014,2039.819946,2032.01001,2046.180054,2030.170044,16.01001,16172310000,290000,392405,106.6134,140117,U
11/17/2014,2063.5,2038.290039,2071.459961,2034.459961,37,17004640000,296000,392405,106.6134,140117,U
11/24/2014,2067.560059,2065.070068,2075.76001,2064.75,11.01001,11770900000,304000,392405,106.6134,140117,U
12/1/2014,2075.370117,2065.780029,2079.469971,2049.570068,29.899903,18286300000,293000,388894,106.3797,140372,D
12/8/2014,2002.329956,2074.840088,2075.780029,2002.329956,73.450073,19961180000,287000,388894,106.3797,140372,U
12/15/2014,2070.649902,2005.030029,2077.850098,1972.560059,105.290039,25431950000,287000,388894,106.3797,140372,U
12/22/2014,2088.77002,2069.280029,2092.699951,2069.280029,23.419922,9565680000,276000,388894,106.3797,140372,D
12/29/2014,2058.199951,2087.629883,2093.550049,2046.040039,47.51001,10207410000,288000,388894,106.3797,140372,D
1/5/2015,2044.810059,2054.439941,2064.429932,1992.439941,71.989991,19362860000,296000,385630,105.6148,140606,D
1/12/2015,2019.420044,2046.130005,2056.929932,1988.119995,68.809937,20275570000,300000,385630,105.6148,140606,U
1/19/2015,2051.820068,2020.76001,2064.620117,2004.48999,60.130127,15424020000,297000,385630,105.6148,140606,D
1/26/2015,1994.98999,2050.419922,2057.620117,1989.180054,68.440063,19558890000,261000,385630,105.6148,140606,U
2/2/2015,2055.469971,1996.670044,2072.399902,1980.900024,91.499878,20821110000,286000,383816,105.4321,140844,U
2/9/2015,2096.98999,2053.469971,2097.030029,2041.880005,55.150024,18132050000,298000,383816,105.4321,140844,U
2/16/2015,2110.300049,2096.469971,2110.610107,2085.439941,25.170166,13260470000,289000,383816,105.4321,140844,D
2/23/2015,2104.5,2109.830078,2119.590088,2103,16.590088,16561930000,302000,383816,105.4321,140844,D
3/2/2015,2071.26001,2105.22998,2117.52002,2067.27002,50.25,17049500000,316000,391247,105.0745,140930,D
3/9/2015,2053.399902,2072.25,2083.48999,2039.689941,43.800049,17328980000,297000,391247,105.0745,140930,U
3/16/2015,2108.100098,2055.350098,2113.919922,2055.350098,58.569824,19504990000,291000,391247,105.0745,140930,D
3/23/2015,2061.02002,2107.98999,2114.860107,2045.5,69.360107,16498140000,289000,391247,105.0745,140930,U
3/30/2015,2066.959961,2064.110107,2088.969971,2048.379883,40.590088,12933470000,268000,391247,105.0745,140930,U
4/6/2015,2102.060059,2064.870117,2102.610107,2056.52002,46.090087,15962370000,285000,390624,104.6624,141192,D
4/13/2015,2081.179932,2102.030029,2111.909912,2072.370117,39.539795,17285170000,294000,390624,104.6624,141192,U
4/20/2015,2117.689941,2084.110107,2120.919922,2084.110107,36.809815,16604500000,298000,390624,104.6624,141192,D
4/27/2015,2108.290039,2119.290039,2125.919922,2077.590088,48.329834,18949060000,269000,390624,104.6624,141192,U
5/4/2015,2116.100098,2110.22998,2120.949951,2067.929932,53.020019,17753820000,267000,394564,104.2843,141536,U
5/11/2015,2122.72998,2115.560059,2123.889893,2085.570068,38.319825,15824270000,267000,394564,104.2843,141536,U
5/18/2015,2126.060059,2121.300049,2134.719971,2120.01001,14.709961,14852420000,276000,394564,104.2843,141536,D
5/25/2015,2107.389893,2125.340088,2126.219971,2099.179932,27.040039,13377830000,282000,394564,104.2843,141536,D
6/1/2015,2092.830078,2108.639893,2121.919922,2085.669922,36.25,15604780000,278000,394465,103.9927,141742,U
6/8/2015,2094.110107,2092.340088,2115.02002,2072.139893,42.880127,15214050000,279000,394465,103.9927,141742,U
6/15/2015,2109.98999,2091.340088,2126.649902,2072.48999,54.159912,17173880000,268000,394465,103.9927,141742,D
6/22/2015,2101.48999,2112.5,2129.870117,2095.379883,34.490234,17463770000,275000,394465,103.9927,141742,D
6/29/2015,2076.780029,2098.629883,2098.629883,2056.320068,42.309815,14481300000,278000,394465,103.9927,141742,D
7/6/2015,2076.620117,2073.949951,2083.73999,2044.02002,39.71997,18065680000,295000,397256,104.515,141996,U
7/13/2015,2126.639893,2080.030029,2128.909912,2080.030029,48.879883,15950490000,280000,397256,104.515,141996,D
7/20/2015,2079.649902,2126.850098,2132.820068,2077.090088,55.72998,17926480000,265000,397256,104.515,141996,U
7/27/2015,2103.840088,2078.189941,2114.23999,2063.52002,50.71997,19254140000,267000,397256,104.515,141996,D
8/3/2015,2077.570068,2104.48999,2112.659912,2067.909912,44.75,18841050000,271000,397197,104.5091,142153,U
8/10/2015,2091.540039,2080.97998,2105.350098,2052.090088,53.26001,17509360000,272000,397197,104.5091,142153,D
8/17/2015,1970.890015,2089.699951,2103.469971,1970.890015,132.579956,18271310000,276000,397197,104.5091,142153,U
8/24/2015,1988.869995,1965.150024,1993.47998,1867.01001,126.46997,26089970000,271000,397197,104.5091,142153,D
8/31/2015,1921.219971,1986.72998,1986.72998,1903.069946,83.660034,18717360000,279000,397197,104.5091,142153,U
9/7/2015,1961.050049,1927.300049,1988.630005,1927.300049,61.329956,14045680000,275000,397083,104.2038,142253,D
9/14/2015,1958.030029,1963.060059,2020.859985,1948.27002,72.589965,20075770000,267000,397083,104.2038,142253,D
9/21/2015,1931.339966,1960.839966,1979.640015,1908.920044,70.719971,18081540000,271000,397083,104.2038,142253,U
9/28/2015,1951.359985,1929.180054,1951.359985,1871.910034,79.449951,21346290000,276000,397083,104.2038,142253,U
10/5/2015,2014.890015,1954.329956,2020.130005,1954.329956,65.800049,20849400000,269000,395853,104.0045,142574,U
10/12/2015,2033.109985,2015.650024,2033.540039,1990.72998,42.810059,17281480000,261000,395853,104.0045,142574,U
10/19/2015,2075.149902,2031.72998,2079.73999,2017.219971,62.520019,18785920000,262000,395853,104.0045,142574,U
10/26/2015,2079.360107,2075.080078,2094.320068,2058.840088,35.47998,20565930000,262000,395853,104.0045,142574,U
11/2/2015,2099.199951,2080.76001,2116.47998,2080.76001,35.71997,20531860000,273000,397463,103.3965,142846,D
11/9/2015,2023.040039,2096.560059,2096.560059,2022.02002,74.540039,19691320000,275000,397463,103.3965,142846,U
11/16/2015,2089.169922,2022.079956,2097.060059,2019.390015,77.670044,19652690000,278000,397463,103.3965,142846,U
11/23/2015,2090.110107,2089.409912,2095.610107,2070.290039,25.320068,11792690000,260000,397463,103.3965,142846,U
11/30/2015,2091.689941,2090.949951,2104.27002,2042.349976,61.920044,20459190000,267000,397463,103.3965,142846,D
12/7/2015,2012.369995,2090.419922,2090.419922,2008.800049,81.619873,20618850000,277000,398762,102.9179,143085,D
12/14/2015,2005.550049,2013.369995,2076.719971,1993.26001,83.459961,24611890000,269000,398762,102.9179,143085,U
12/21/2015,2060.98999,2010.27002,2067.360107,2005.930054,61.430053,12177090000,262000,398762,102.9179,143085,D
12/28/2015,2043.939941,2057.77002,2081.560059,2043.619995,37.940064,10057270000,279000,398762,102.9179,143085,D
1/4/2016,1922.030029,2038.199951,2038.199951,1918.459961,119.73999,22089690000,278000,395246,103.4822,143211,D
1/11/2016,1880.329956,1926.119995,1950.329956,1857.829956,92.5,25291150000,278000,395246,103.4822,143211,U
1/18/2016,1906.900024,1888.660034,1908.849976,1812.290039,96.559937,21324990000,291000,395246,103.4822,143211,U
1/25/2016,1940.23999,1906.280029,1940.23999,1872.699951,67.540039,23703940000,266000,395246,103.4822,143211,D
2/1/2016,1880.050049,1936.939941,1947.199951,1872.22998,74.969971,24081930000,289000,396930,103.2685,143448,D
2/8/2016,1864.780029,1873.25,1881.599976,1810.099976,71.5,25488570000,265000,396930,103.2685,143448,U
2/15/2016,1917.780029,1871.439941,1930.680054,1871.439941,59.240113,18161550000,268000,396930,103.2685,143448,U
2/22/2016,1948.050049,1924.439941,1962.959961,1891,71.959961,20729330000,270000,396930,103.2685,143448,U
2/29/2016,1999.98999,1947.130005,2009.130005,1931.810059,77.319946,25206170000,267000,396930,103.2685,143448,U
3/7/2016,2022.189941,1996.109985,2022.369995,1969.25,53.119995,22103360000,262000,397086,102.5263,143673,U
3/14/2016,2049.580078,2019.27002,2052.360107,2005.22998,47.130127,22138770000,264000,397086,102.5263,143673,D
3/21/2016,2035.939941,2047.880005,2056.600098,2022.48999,34.110108,13842290000,271000,397086,102.5263,143673,U
3/28/2016,2072.780029,2037.890015,2075.070068,2028.310059,46.760009,17687000000,275000,397086,102.5263,143673,D
4/4/2016,2047.599976,2073.189941,2074.02002,2033.800049,40.219971,18552210000,271000,399739,102.8697,143826,U
4/11/2016,2080.72998,2050.22998,2087.840088,2039.73999,48.100098,19466730000,258000,399739,102.8697,143826,U
4/18/2016,2091.580078,2078.830078,2111.050049,2073.649902,37.400147,19364460000,257000,399739,102.8697,143826,D
4/25/2016,2065.300049,2089.370117,2099.889893,2052.280029,47.609864,19991600000,261000,399739,102.8697,143826,D
5/2/2016,2057.139893,2067.169922,2083.419922,2039.449951,43.969971,19877940000,276000,401076,102.7552,143869,D
5/9/2016,2046.609985,2057.550049,2084.870117,2043.130005,41.740112,18573070000,286000,401076,102.7552,143869,U
5/16/2016,2052.320068,2046.530029,2071.879883,2025.910034,45.969849,19066060000,277000,401076,102.7552,143869,U
5/23/2016,2099.060059,2052.22998,2099.060059,2047.26001,51.800049,16852120000,268000,401076,102.7552,143869,U
5/30/2016,2099.129883,2100.129883,2105.26001,2085.100098,20.159912,15300080000,268000,401076,102.7552,143869,D
6/6/2016,2096.070068,2100.830078,2120.550049,2089.959961,30.590088,17344140000,265000,405580,103.1249,144166,D
6/13/2016,2071.219971,2091.75,2098.120117,2050.370117,47.75,19277430000,273000,405580,103.1249,144166,D
6/20/2016,2037.410034,2075.580078,2113.320068,2032.569946,80.750122,20763870000,262000,405580,103.1249,144166,U
6/27/2016,2102.949951,2031.449951,2108.709961,1991.680054,117.029907,22140480000,267000,405580,103.1249,144166,U
7/4/2016,2129.899902,2095.050049,2131.709961,2074.02002,57.689941,14779810000,259000,404835,103.2173,144457,U
7/11/2016,2161.73999,2131.719971,2169.050049,2131.719971,37.330078,17441690000,254000,404835,103.2173,144457,U
7/18/2016,2175.030029,2162.040039,2175.629883,2159.01001,16.619873,15651690000,258000,404835,103.2173,144457,D
7/25/2016,2173.600098,2173.709961,2177.090088,2159.070068,18.02002,18198170000,263000,404835,103.2173,144457,U
8/1/2016,2182.870117,2173.149902,2182.870117,2147.580078,35.290039,18513540000,266000,404897,103.1459,144633,U
8/8/2016,2184.050049,2183.76001,2188.449951,2172,16.449951,16340620000,263000,404897,103.1459,144633,D
8/15/2016,2183.870117,2186.080078,2193.810059,2168.5,25.310059,16049210000,261000,404897,103.1459,144633,D
8/22/2016,2169.040039,2181.580078,2193.419922,2160.389893,33.030029,15278970000,260000,404897,103.1459,144633,U
8/29/2016,2179.97998,2170.189941,2184.870117,2157.090088,27.780029,15911210000,260000,404897,103.1459,144633,D
9/5/2016,2127.810059,2181.610107,2187.870117,2127.810059,60.060058,14728870000,257000,407368,102.9898,144882,U
9/12/2016,2139.159912,2120.860107,2163.300049,2119.120117,44.179932,20204330000,258000,407368,102.9898,144882,U
9/19/2016,2164.689941,2143.98999,2179.98999,2135.909912,44.080078,16885840000,252000,407368,102.9898,144882,U
9/26/2016,2168.27002,2158.540039,2175.300049,2141.550049,33.75,18967960000,253000,407368,102.9898,144882,D
10/3/2016,2153.73999,2164.330078,2165.860107,2144.01001,21.850097,17876430000,247000,410517,103.1742,145006,D
10/10/2016,2132.97998,2160.389893,2169.600098,2114.719971,54.880127,16140520000,248000,410517,103.1742,145006,U
10/17/2016,2141.159912,2132.949951,2148.439941,2124.429932,24.010009,16149080000,258000,410517,103.1742,145006,D
10/24/2016,2126.409912,2148.5,2154.790039,2119.360107,35.429932,19108200000,255000,410517,103.1742,145006,D
10/31/2016,2085.179932,2129.780029,2133.25,2083.790039,49.459961,20427740000,261000,410517,103.1742,145006,U
11/7/2016,2164.449951,2100.590088,2182.300049,2100.590088,81.709961,25356830000,250000,409698,102.9478,145170,U
11/14/2016,2181.899902,2165.639893,2189.889893,2156.080078,33.809815,21123210000,239000,409698,102.9478,145170,U
11/21/2016,2213.350098,2186.429932,2213.350098,2186.429932,26.920166,12568190000,248000,409698,102.9478,145170,D
11/28/2016,2191.949951,2210.209961,2214.100098,2187.439941,26.660157,21589430000,262000,409698,102.9478,145170,U
12/5/2016,2259.530029,2200.649902,2259.800049,2199.969971,59.830078,20337430000,251000,415639,103.7675,145325,D
12/12/2016,2258.070068,2258.830078,2277.530029,2248.439941,29.090088,22387610000,251000,415639,103.7675,145325,U
12/19/2016,2263.790039,2259.23999,2272.560059,2256.080078,16.479981,14296250000,265000,415639,103.7675,145325,D
12/26/2016,2238.830078,2266.22998,2273.820068,2233.620117,40.199951,9386710000,258000,415639,103.7675,145325,U
1/2/2017,2276.97998,2251.570068,2282.100098,2245.129883,36.970215,14637130000,241000,417141,103.4572,145541,D
1/9/2017,2274.639893,2273.590088,2279.27002,2254.25,25.02002,17020210000,245000,417141,103.4572,145541,D
1/16/2017,2271.310059,2269.139893,2276.959961,2258.409912,18.550049,13591180000,241000,417141,103.4572,145541,U
1/23/2017,2294.689941,2267.780029,2300.98999,2257.02002,43.96997,17555940000,252000,417141,103.4572,145541,U
1/30/2017,2297.419922,2286.01001,2298.310059,2267.209961,31.100098,19001010000,250000,417141,103.4572,145541,U
2/6/2017,2316.100098,2294.280029,2319.22998,2285.379883,33.850097,17320440000,237000,416196,103.7038,145773,U
2/13/2017,2351.159912,2321.719971,2351.310059,2321.419922,29.890137,17831660000,248000,416196,103.7038,145773,U
2/20/2017,2367.340088,2354.909912,2368.26001,2352.870117,15.389893,14895280000,247000,416196,103.7038,145773,U
2/27/2017,2383.120117,2365.22998,2400.97998,2358.959961,42.020019,19514510000,227000,416196,103.7038,145773,D
3/6/2017,2372.600098,2375.22998,2378.800049,2354.540039,24.26001,17712480000,252000,416718,103.9162,145823,U
3/13/2017,2378.25,2371.560059,2390.01001,2358.179932,31.830078,18757070000,246000,416718,103.9162,145823,D
3/20/2017,2343.97998,2378.23999,2381.929932,2335.73999,46.189942,17128980000,261000,416718,103.9162,145823,U
3/27/2017,2362.719971,2329.110107,2370.419922,2322.25,48.169922,16227480000,259000,416718,103.9162,145823,D
4/3/2017,2355.540039,2362.340088,2378.360107,2344.72998,33.630127,16648230000,235000,418413,105.0468,146030,D
4/10/2017,2328.949951,2357.159912,2366.370117,2328.949951,37.420166,12243670000,234000,418413,105.0468,146030,U
4/17/2017,2348.689941,2332.620117,2361.370117,2332.51001,28.860107,16765230000,243000,418413,105.0468,146030,U
4/24/2017,2384.199951,2370.330078,2398.159912,2369.189941,28.969971,19608540000,257000,418413,105.0468,146030,U
5/1/2017,2399.290039,2388.5,2399.290039,2379.75,19.540039,18809590000,238000,418381,105.0682,146175,D
5/8/2017,2390.899902,2399.939941,2403.870117,2381.73999,22.130127,17759610000,236000,418381,105.0682,146175,D
5/15/2017,2381.72998,2393.97998,2405.77002,2352.719971,53.050049,19201970000,233000,418381,105.0682,146175,U
5/22/2017,2415.820068,2387.209961,2418.709961,2386.919922,31.790039,16116730000,235000,418381,105.0682,146175,U
5/29/2017,2439.070068,2411.669922,2440.22998,2403.590088,36.639892,15038090000,255000,418381,105.0682,146175,D
6/5/2017,2431.77002,2437.830078,2446.199951,2415.699951,30.5,17598940000,245000,418025,105.2526,146385,U
6/12/2017,2433.149902,2425.879883,2443.75,2418.530029,25.219971,19496610000,238000,418025,105.2526,146385,U
6/19/2017,2438.300049,2442.550049,2453.820068,2430.73999,23.080078,19022570000,242000,418025,105.2526,146385,D
6/26/2017,2423.409912,2443.320068,2450.419922,2405.699951,44.719971,17565550000,244000,418025,105.2526,146385,U
7/3/2017,2425.179932,2431.389893,2439.169922,2407.699951,31.469971,11595360000,250000,420258,105.1158,146523,U
7/10/2017,2459.27002,2424.51001,2463.540039,2412.790039,50.75,15081810000,248000,420258,105.1158,146523,U
7/17/2017,2472.540039,2459.5,2477.620117,2450.340088,27.280029,15057410000,234000,420258,105.1158,146523,D
7/24/2017,2472.100098,2472.040039,2484.040039,2459.929932,24.110107,17965610000,245000,420258,105.1158,146523,U
7/31/2017,2476.830078,2475.939941,2480.379883,2466.47998,13.899903,17288810000,241000,420258,105.1158,146523,D
8/7/2017,2441.320068,2477.139893,2490.870117,2437.75,53.120117,16365480000,244000,419882,104.6478,146731,D
8/14/2017,2425.550049,2454.959961,2474.929932,2420.689941,54.239991,15247600000,232000,419882,104.6478,146731,U
8/21/2017,2443.050049,2425.5,2454.77002,2417.350098,37.419922,13786300000,235000,419882,104.6478,146731,U
8/28/2017,2476.550049,2447.350098,2480.379883,2428.199951,52.179932,14107780000,236000,419882,104.6478,146731,D
9/4/2017,2461.429932,2470.350098,2471.969971,2446.550049,25.419922,13521090000,298000,429623,104.916,146769,U
9/11/2017,2500.22998,2474.52002,2500.22998,2474.52002,25.70996,18158360000,281000,429623,104.916,146769,U
9/18/2017,2502.219971,2502.51001,2508.850098,2496.540039,12.310059,15770230000,260000,429623,104.916,146769,U
9/25/2017,2519.360107,2499.389893,2519.439941,2488.030029,31.409912,16177570000,269000,429623,104.916,146769,U
10/2/2017,2549.330078,2521.199951,2552.51001,2520.399902,32.110108,15215390000,258000,432041,106.145,147013,U
10/9/2017,2553.169922,2551.389893,2557.649902,2541.600098,16.049804,14721510000,244000,432041,106.145,147013,U
10/16/2017,2575.209961,2555.570068,2575.439941,2547.919922,27.520019,15178860000,223000,432041,106.145,147013,U
10/23/2017,2581.070068,2578.080078,2582.97998,2544,38.97998,18269710000,234000,432041,106.145,147013,U
10/30/2017,2587.840088,2577.75,2588.419922,2566.169922,22.25,18915260000,229000,432041,106.145,147013,D
11/6/2017,2582.300049,2587.469971,2597.02002,2566.330078,30.689942,18566610000,239000,435470,106.3969,147241,D
11/13/2017,2578.850098,2576.530029,2590.090088,2557.449951,32.640137,17216450000,252000,435470,106.3969,147241,U
11/20/2017,2602.419922,2579.48999,2604.209961,2578.23999,25.969971,10448990000,240000,435470,106.3969,147241,U
11/27/2017,2642.219971,2602.659912,2657.73999,2598.870117,58.869873,19454370000,238000,435470,106.3969,147241,U
12/4/2017,2651.5,2657.189941,2665.189941,2624.75,40.439941,17189740000,,,,,U
12/11/2017,2675.810059,2652.189941,2679.629883,2651.469971,28.159912,19343950000,,,,,U
12/18/2017,2683.340088,2685.919922,2694.969971,2676.110107,18.859864,16007500000,,,,,D
12/25/2017,2673.610107,2679.090088,2692.120117,2673.610107,18.51001,8767680000,,,,,U
1/1/2018,2743.149902,2683.72998,2743.449951,2682.360107,61.089844,13827790000,,,,,
1/5/2018,2743.149902,2731.330078,2743.449951,2727.919922,15.530029,1998927821,,,,,
